<annotation>
	<folder>images</folder>
	<filename>aimage205.jpg</filename>
	<path>C:\Users\Emaraic\Documents\Dataset\images\aimage205.jpg</path>
	<source>
		<database>Unknown</database>
	</source>
	<size>
		<width>416</width>
		<height>416</height>
		<depth>3</depth>
	</size>
	<segmented>0</segmented>
	<object>
		<name>Rubix Cube</name>
		<pose>Unspecified</pose>
		<truncated>1</truncated>
		<difficult>0</difficult>
		<bndbox>
			<xmin>203</xmin>
			<ymin>7</ymin>
			<xmax>416</xmax>
			<ymax>287</ymax>
		</bndbox>
	</object>
</annotation>
