<annotation>
	<folder>images</folder>
	<filename>image332.jpg</filename>
	<path>C:\Users\Emaraic\Documents\Dataset\images\image332.jpg</path>
	<source>
		<database>Unknown</database>
	</source>
	<size>
		<width>416</width>
		<height>416</height>
		<depth>3</depth>
	</size>
	<segmented>0</segmented>
	<object>
		<name>Rubix Cube</name>
		<pose>Unspecified</pose>
		<truncated>0</truncated>
		<difficult>0</difficult>
		<bndbox>
			<xmin>209</xmin>
			<ymin>99</ymin>
			<xmax>287</xmax>
			<ymax>216</ymax>
		</bndbox>
	</object>
</annotation>
