<annotation>
	<folder>images</folder>
	<filename>nimage221.jpg</filename>
	<path>C:\Users\Emaraic\Documents\Dataset\images\nimage221.jpg</path>
	<source>
		<database>Unknown</database>
	</source>
	<size>
		<width>416</width>
		<height>416</height>
		<depth>3</depth>
	</size>
	<segmented>0</segmented>
	<object>
		<name>Rubix Cube</name>
		<pose>Unspecified</pose>
		<truncated>0</truncated>
		<difficult>0</difficult>
		<bndbox>
			<xmin>122</xmin>
			<ymin>74</ymin>
			<xmax>187</xmax>
			<ymax>154</ymax>
		</bndbox>
	</object>
</annotation>
