<annotation>
	<folder>images</folder>
	<filename>timage330.jpg</filename>
	<path>C:\Users\Emaraic\Documents\Dataset\images\timage330.jpg</path>
	<source>
		<database>Unknown</database>
	</source>
	<size>
		<width>416</width>
		<height>416</height>
		<depth>3</depth>
	</size>
	<segmented>0</segmented>
	<object>
		<name>Rubix Cube</name>
		<pose>Unspecified</pose>
		<truncated>1</truncated>
		<difficult>0</difficult>
		<bndbox>
			<xmin>108</xmin>
			<ymin>1</ymin>
			<xmax>356</xmax>
			<ymax>299</ymax>
		</bndbox>
	</object>
</annotation>
