<annotation>
	<folder>images</folder>
	<filename>timage199.jpg</filename>
	<path>C:\Users\Emaraic\Documents\Dataset\images\timage199.jpg</path>
	<source>
		<database>Unknown</database>
	</source>
	<size>
		<width>416</width>
		<height>416</height>
		<depth>3</depth>
	</size>
	<segmented>0</segmented>
	<object>
		<name>Rubix Cube</name>
		<pose>Unspecified</pose>
		<truncated>0</truncated>
		<difficult>0</difficult>
		<bndbox>
			<xmin>2</xmin>
			<ymin>54</ymin>
			<xmax>128</xmax>
			<ymax>251</ymax>
		</bndbox>
	</object>
</annotation>
